"Due to Period Closing, you cannot reconcile unpaid vouchers with a Bank Transaction before {0}",Aufgrund des Periodenschlusses können Sie keine unbezahlten Belege mit einer Banktransaktion vor dem {0} abgleichen,
"Enter your password to enable automated, regular syncing. Leave blank if you prefer to sync manually.","Geben Sie Ihr Passwort ein, um die automatisierte, regelmäßige Synchronisierung zu aktivieren. Lassen Sie das Feld leer, wenn Sie die Synchronisierung manuell durchführen möchten.",
"For non-German IBANs, a Bank must be provided.",Für Nicht-Deutsche IBANs muss eine Bank angegeben werden.,
"If enabled, <code>camt.052</code> transactions are downloaded four times a day. Otherwise <code>camt.053</code> transactions are downloaded once a day.","Falls aktiviert, werden <code>camt.052</code>-Transaktionen viermal am Tag heruntergeladen. Andernfalls werden <code>camt.053</code>-Transaktionen einmal am Tag heruntergeladen.",
"If enabled, <code>camt.054</code> files are downloaded and merged with <code>camt.052</code> or <code>camt.053</code> files.","Falls aktiviert, werden <code>camt.054</code>-Dateien heruntergeladen und mit <code>camt.052</code>- oder <code>camt.053</code>-Dateien zusammengeführt.",
"If enabled, a separate <b>Bank Transaction</b> will be created for each sub-transaction in a batch.","Falls aktiviert, wird für jede Untertransaktion in einer Sammelüberweisung eine separate <b>Banktransaktion</b> erstellt.",
"If no <a href='/app/bank-transaction' target='_blank'>Bank Transactions</a> are created, please check the <a href='/app/error-log' target='_blank'>Error Logs</a>. If there are no errors, the bank likely did not provide any (new) bank statements for this period.","Wenn keine <a href='/app/bank-transaction' target='_blank'>Banktransaktionen</a> erstellt wurden, überprüfen Sie bitte die <a href='/app/error-log' target='_blank'>Fehlerprotokolle</a>. Wenn keine Fehler vorliegen, hat die Bank wahrscheinlich keine (neuen) Kontoauszüge für diesen Zeitraum bereitgestellt.",
"Note: When you lose these passwords, you will have to go through the initialization process with your bank again.","Hinweis: Wenn Sie diese Passwörter verlieren, müssen Sie den Initialisierungsprozess mit Ihrer Bank erneut durchlaufen.",
"Please print the attached INI letter, send it to your bank and wait for confirmation. Then verify the bank keys.","Bitte drucken Sie den angehängten INI-Brief aus, senden Sie ihn an Ihre Bank und warten Sie auf die Bestätigung. Überprüfen Sie dann die Bankenschlüssel.",
"Store the passphrase in the ERPNext database to enable automated, regular download of bank statements.","Passwort in der ERPNext-Datenbank speichern, um den automatisierten, regelmäßigen Download von Kontoauszügen zu ermöglichen.",
"To use protocol version H005, please activate the checkbox 'Needs Certificates'.","Um Protokollversion H005 zu verwenden, aktivieren Sie bitte das Kontrollkästchen 'Zertifikate benötigt'.",
"We'll try to download all transactions of completed days in the selected period, using <code>camt.053</code>.","Wir versuchen, alle Transaktionen der abgeschlossenen Tage im ausgewählten Zeitraum via <code>camt.053</code> herunterzuladen.",
"We'll try to download new transactions from today, using <code>camt.052</code>.","Wir versuchen, neue Transaktionen von heute via <code>camt.052</code> herunterzuladen.",
"You selected protocol version {0}, but the bank {1} only supports {2}.","Sie haben Protokollversion {0} ausgewählt, aber die Bank {1} unterstützt nur {2}.",
{} Active,{} Aktiv,
{} Unreconciled,{} Nicht abgeglichen,
<ul><li>It stores DocType-wise mapping of fields that should be considered as 'reference number' fields in Bank Reconciliation Tool Beta</li><li>Link and Data fields are supported</li><li>The field must have a singular reference number for matching with Bank Transactions</li></ul>,"<ul><li>DocType-weise Zuordnung von Feldern, die im Bankabgleich Beta als zusätzliche Referenznummer verwendet werden sollen</li><li>Es werden Link- und Datenfelder unterstützt</li><li>Das Feld sollte genau eine Referenznummer enthalten, die auch in der Banktransaktionen vorkommen kann</li></ul>",
A new version of the Banking app is available ({0}). Please update your instance.,Eine neue Version der Banking-App ist verfügbar ({0}). Bitte aktualisieren Sie Ihre Instanz.,
Account Currency,Kontowährung,
Account Holder,Kontoinhaber,
Account Opening Balance,Kontostand zum Eröffnungstag,
Actions,Aktionen,
Admin URL,Admin-URL,
Advanced,Erweitert,
An error occurred,Ein Fehler ist aufgetreten,
Are you trying to reconcile vouchers of different parties? This action will reconcile vouchers using a Journal Entry.,"Versuchen Sie, Belege verschiedener Parteien abzugleichen? Diese Aktion gleicht Belege mit einem Buchungssatz ab.",
Authentication error due to invalid credentials.,Authentifizierungsfehler aufgrund ungültiger Anmeldeinformationen.,
Auto reconcile bank transactions based on matching reference numbers?,"Möchten Sie Banktransaktionen automatisch abgleichen, basierend auf übereinstimmenden Referenznummern?",
Auto Reconcile,Automatischer Abgleich,
Auto Reconciliation Complete,Automatischer Abgleich abgeschlossen,
Auto Reconciling ...,Automatischer Abgleich ...,
Bank {0} does not have EBICS Host ID or URL set,Für die Bank {0} ist keine EBICS-Host-ID oder URL festgelegt,
Bank Account not found for IBAN {0},Bankkonto nicht gefunden für IBAN {0},
Bank Account,Bankkonto,
Bank Keys Activated,Bankenschlüssel aktiviert,
Bank keys confirmed,Bankenschlüssel bestätigt,
Bank Reconciliation Tool Beta,Bankabgleich Beta,
Bank Reconciliation,Bankabgleich,
Bank statements are being downloaded in the background.,Kontoauszüge werden im Hintergrund heruntergeladen.,
Bank Transaction {0} is already fully reconciled,Banktransaktion {0} ist bereits vollständig verbucht,
Bank Transaction {0} Matched,Banktransaktion {0} zugeordnet,
Bank Transaction {0} partially matched.,Banktransaktion {0} teilweise zugeordnet.,
Bank Transaction {0} partially reconciled.,Banktransaktion {0} teilweise verbucht.,
Bank Transaction {0} reconciled with a new {1},Banktransaktion {0} mit einem neuen {1} verbucht,
Bank Transaction {0} updated,Banktransaktion {0} aktualisiert,
Bank Transaction,Banktransaktion,
Bank transactions that happened before this date must not be imported.,"Banktransaktionen, die vor diesem Datum stattgefunden haben, dürfen nicht importiert werden.",
Bank Transactions,Banktransaktionen,
Banking Action has failed due to the following error(s):,Banking-Aktion ist aufgrund der folgenden Fehler fehlgeschlagen:,
Banking Error,Banking-Fehler,
Banking Reference Mapping,Bank-Referenz-Zuordnung,
Banking Settings,Bankeneinstellungen,
Banking Warning,Banking-Warnung,
Batch Booking,Sammelüberweisung,
Cannot create Journal Entry for a Bank Transaction with both Deposit and Withdrawal,"Es kann kein Buchungssatz erstellt werden, wenn eine Banktransaktion sowohl eine Einzahlung als auch eine Auszahlung enthält",
Cannot make Reconciliation Payment Entry against multiple doctypes,"Es kann kein Abgleichs-Zahlungseintrag erstellt werden, wenn mehrere Dokumenttypen abgeglichen werden",
Cannot make Reconciliation Payment Entry against multiple parties,"Es kann kein Abgleichs-Zahlungseintrag erstellt werden, wenn mehrere Parteien abgeglichen werden",
Change Protocol Version,Protokollversion ändern,
Change,Ändern,
Charges,Gebühren,
Cheque/Reference Date,Scheck/Referenzdatum,
Closing Balance,Schlusssaldo,
Continue,Weiter,
Country,Land,
Create Supplier Bank Account,Lieferanten-Bankkonto erstellen,
Create Voucher,Beleg erstellen,
Create,Erstellen,
Creating SEPA Payment Order ...,SEPA-Überweisung erstellen ...,
Credentials,Anmeldedaten,
Currency,Währung,
Customer ID,Kunden-ID,
Date,Datum,
Deposit,Einzahlung,
Description,Beschreibung,
Developer mode is enabled. Please disable it to continue auto-syncing bank transactions.,"Entwicklermodus ist aktiviert. Bitte deaktivieren Sie ihn, um die automatische Synchronisierung von Banktransaktionen fortzusetzen.",
Did you mean {0}?,Meinten Sie {0}?,
Document Type,Dokumenttyp,
Download as XML,Als XML herunterladen,
Download Bank Statements,Kontoauszüge herunterladen,
Download Batch Transactions,Sammelüberweisungen herunterladen,
Download,Herunterladen,
Downloaded,Heruntergeladen,
DOWNLOADED,HERUNTERGELADEN,
EBICS Configuration Missing,EBICS-Konfiguration fehlt,
EBICS Host ID,EBICS-Host-ID,
EBICS Order ID,EBICS-Auftrags-ID,
EBICS Protocol Versions,EBICS-Protokollversionen,
EBICS Request,EBICS-Anfrage,
EBICS URL,EBICS-URL,
EBICS User {0} lacks permission 'C54' for downloading batch transactions. The permitted types are: {1}.,Dem EBICS-Benutzer {0} fehlt die Berechtigung 'C54' für das Herunterladen von Sammelüberweisungen. Die zulässigen Typen sind: {1}.,
EBICS User limit exceeded.,EBICS-Benutzerlimit überschritten.,
EBICS User,EBICS-Benutzer,
Ebics Users,EBICS-Benutzer,
EBICS Users,EBICS-Benutzer,
Edit in Full Page,Auf ganzer Seite bearbeiten,
Eg: https://banking.alyf.de,z. B. https://banking.alyf.de,
Employee Bank Account was created.,Mitarbeiter-Bankkonto wurde erstellt.,
Employee Bank Account was not created.,Mitarbeiter-Bankkonto wurde nicht erstellt.,
Enable EBICS (New),EBICS aktivieren (Neu),
Enable this for EBICS accounts whose key management is based on certificates (eg. French banks).,"Aktivieren Sie dies für EBICS-Konten, deren Schlüsselverwaltung auf Zertifikaten basiert (z. B. französische Banken).",
Enable this for EBICS accounts whose key management is based on certificates.,"Aktivieren Sie dies für EBICS-Konten, deren Schlüsselverwaltung auf Zertifikaten basiert.",
Enabled,Aktiviert,
Enter only if scheduled execution at the bank is desired.,"Nur eingeben, wenn eine terminierte Ausführung bei der Bank gewünscht ist.",
Enter Passphrase,Passwort eingeben,
Enter your passphrase,Passwort eingeben,
Enter your signature passphrase,Geben Sie Ihr Signaturpasswort ein,
Error while fetching releases,Fehler beim Abrufen von Releases,
Execution Date,Ausführungsdatum,
Failed to create {0} against {1},Fehler beim Erstellen von {0} gegen {1},
Failed to reconcile {0},Fehler beim Abgleich von {0},
Failed to reconcile new {0} against {1},Fehler beim Abgleich einer neuen {0} gegen {1},
Failed to remove EBICS user registration.,EBICS-Benutzerregistrierung konnte nicht entfernt werden.,
Failed to update {0},Fehler beim Aktualisieren von {0},
Failed,Fehlgeschlagen,
Fetching Bank Transactions,Banktransaktionen werden abgerufen,
Field {} does not exist in {}. Please check the configuration in Banking Settings.,Feld {} existiert nicht in {}. Bitte überprüfen Sie die Konfiguration in den Bankeneinstellungen.,
Field Name,Feldname,
Filter by Reference Date,Nach Referenzdatum filtern,
Filter Required,Filter erforderlich,
Filters,Filter,
Fintech License Key,Fintech-Lizenzschlüssel,
Fintech Licensee Name,Fintech-Lizenznehmername,
From Date,Von Datum,
From Reference Date,Von Referenzdatum,
Full Name,Vollständiger Name,
Get Bank Transactions,Banktransaktionen abrufen,
Hidden field for alignment,Verstecktes Feld für Ausrichtung,
IBAN {0} is invalid.,IBAN {0} ist ungültig.,
Initialize EBICS User,EBICS-Benutzer initialisieren,
Initialize,Initialisieren,
Initialized,Initialisiert,
Initializing...,Initialisierung...,
Intraday Sync,Untertägige Synchronisation,
Invalid Field,Unzulässiges Feld,
Invalid Voucher Type,Ungültiger Belegtyp,
It seems like EBICS User {0} lacks permission 'C52' for downloading booked bank statements. The permitted types are: {1}.,"Es scheint, dass dem EBICS-Benutzer {0} die Berechtigung 'C52' zum Herunterladen von Kontoauszügen fehlt. Die zulässigen Typen sind: {1}.",
It seems like EBICS User {0} lacks permission 'C52' for downloading intraday transactions. The permitted types are: {1}.,"Es scheint, dass dem EBICS-Benutzer {0} die Berechtigung 'C52' zum Herunterladen von untertägigen Kontoauszügen fehlt. Die zulässigen Typen sind: {1}.",
It seems like the EBICS User lacks permissions for order type '{0}'. The permitted types are: {1}.,"Es scheint, dass der EBICS-Benutzer keine Berechtigungen für die Auftragsart '{0}' hat. Die zulässigen Typen sind: {1}.",
Keyring,Schlüsselbund,
Last Renewed On,Zuletzt erneuert am,
License key not found. Please activate the checkbox 'Enable EBICS' in the {0} and ensure that your subscription is active.,"Lizenzschlüssel nicht gefunden. Bitte aktivieren Sie das Kontrollkästchen 'EBICS aktivieren' in den {0} und stellen Sie sicher, dass Ihr Abonnement aktiv ist.",
Loading...,Wird geladen...,
Match Voucher,Beleg abgleichen,
Needs Certificate,Benötigt Zertifikat,
No changes to update,Keine Änderungen zum Aktualisieren,
No Data Available,Keine Daten verfügbar,
No matches occurred via Auto Reconciliation,Keine Übereinstimmungen bei der automatischen Abgleichung,
No Transactions found for the current filters.,Keine Transaktionen gefunden für die aktuellen Filter.,
Open Billing Portal,Abrechnungsportal öffnen,
Order Type,Auftragsart,
Outstanding,Offen,
Over Allocation,Überbuchung,
Overallocated Returns,Überbuchte Rückerstattungen,
Parameters,Parameter,
Partially Reconciled,Teilweise abgeglichen,
Partner ID,Partner-ID,
Party Account Number,Partei-Kontonummer,
Party IBAN,Partei-IBAN,
Party Type and Party is required for Receivable / Payable account {0},Partei-Typ und Partei sind erforderlich für das Empfängerkonto {0},
Party Type,Partei-Typ,
Party,Partei,
Passphrase,Passwort,
Payment Order has been sent to bank.,Überweisung wurde an die Bank gesendet.,
Payment Order has not been sent to bank.,Überweisung wurde nicht an die Bank gesendet.,
Payments,Zahlungen,
Please activate the checkbox 'Enable EBICS' in the {0}.,Bitte aktivieren Sie das Kontrollkästchen 'EBICS aktivieren' in den {0}.,
Please activate the checkbox 'Enabled' in the {0}.,Bitte aktivieren Sie das Kontrollkästchen 'Aktiviert' in den {0}.,
Please add a two-letter country code to country {0},Bitte fügen Sie dem Land {0} einen zweistelligen Ländercode hinzu,
Please add EBICS Host ID and URL to bank {0},Bitte tragen Sie die EBICS-Host-ID und die URL in der Bank {0} ein,
Please confirm that the following keys are identical to the ones mentioned on your bank's letter:,"Bitte bestätigen Sie, dass die folgenden Schlüssel mit denen auf dem Schreiben Ihrer Bank übereinstimmen:",
Please enter the values provided by your bank.,"Bitte geben Sie die Werte ein, die von Ihrer Bank bereitgestellt wurden.",
Please select a Bank Account to start reconciling.,"Bitte wählen Sie ein Bankkonto aus, um mit dem Abgleich zu beginnen.",
Please select at least one voucher to reconcile,"Bitte wählen Sie mindestens einen Beleg aus, um ihn abzugleichen",
Please select vouchers of the same type to reconcile,"Bitte wählen Sie Belege des gleichen Typs aus, um sie abzugleichen",
Please set the 'Bank Account' filter,Bitte setzen Sie den 'Bankkonto'-Filter,
Portal API Token,Portal-API-Token,
Posting Date,Buchungsdatum,
Process as batch,Als Sammler verarbeiten,
Process individually,Einzeln verarbeiten,
Protocol Version,Protokollversion,
Purpose,Zweck,
Recipient,Empfänger,
Reconcile,Abgleichen,
Reconciled,Abgeglichen,
Reconciling ...,Abgleichen ...,
Redirecting to Customer Portal ...,Weiterleitung zum Kundenportal ...,
Reference DocType,Referenztyp,
Reference Fields,Referenzfelder,
Reference Name,Referenzname,
Reference Number,Referenznummer,
Reference Row Name,Referenzzeile,
Reference,Referenz,
Requested By,Angefragt von,
Response,Antwort,
Row {0}: Currency {1} does not match bank account currency {2}.,Zeile {0}: Währung {1} stimmt nicht mit der Währung des Bankkontos {2} überein.,
Row {0}: IBAN {1} is invalid.,Zeile {0}: IBAN {1} ist ungültig.,
Sent via EBICS,Via EBICS gesendet,
SENT_VIA_EBICS,VIA_EBICS_GESENDET,
SEPA Payment Order Status,SEPA-Zahlungsauftragsstatus,
SEPA Payment Order,SEPA-Zahlungsauftrag,
SEPA Payment Orders,SEPA-Zahlungsaufträge,
SEPA Payment,SEPA-Zahlung,
Set a new password for downloading bank statements from your bank.,"Legen Sie ein neues Passwort fest, um Kontoauszüge von Ihrer Bank herunterzuladen.",
Set a new password for uploading transactions to your bank.,"Legen Sie ein neues Passwort fest, um Transaktionen an Ihre Bank hochzuladen.",
Settings,Einstellungen,
Setup,Einrichtung,
Show Exact Amount,Betrag muss übereinstimmen,
Show Exact Party,Partei muss übereinstimmen,
Show Protocol Versions,Protokollversionen anzeigen,
Signature Passphrase,Signatur-Passwort,
Signup for Banking,Melden Sie sich an,
Something went wrong. Please retry in a while.,Etwas ist schief gelaufen. Bitte versuchen Sie es später erneut.,
Sort By,Sortieren nach,
Split Batch Transactions,Sammlungsüberweisungen aufteilen,
Start Date,Startdatum,
Store Passphrase,Passwort speichern,
Subscriber,Abonnent,
Subscription Details,Abonnement,
Successful,Erfolgreich,
Supplier Bank Account was created.,Lieferanten-Bankkonto wurde erstellt.,
Supplier Bank Account was not created.,Lieferanten-Bankkonto wurde nicht erstellt.,
Supplier Bank Account,Lieferanten-Bankkonto,
SWIFT Number,SWIFT-Nummer,
The allocated amount cannot be negative. Please adjust the selected return vouchers.,Der zugewiesene Betrag kann nicht negativ sein. Bitte passen Sie die ausgewählten Belege an.,
The Bank Transaction is over-allocated by {0} at row {1}.,Die Banktransaktion ist um {0} bei Zeile {1} überbucht.,
The currency of the second account ({0} : {1}) must be the same as of the bank account ({2} : {3}),Die Währung des zweiten Kontos ({0} : {1}) muss mit der des Bankkontos ({2} : {3}) übereinstimmen.,
The currency of the second account ({0}) must be the same as of the bank account ({1}),Die Währung des zweiten Kontos ({0}) muss mit der des Bankkontos ({1}) übereinstimmen.,
The scheduler is inactive. Please activate it to continue auto-syncing bank transactions.,"Der Scheduler ist inaktiv. Bitte aktivieren Sie ihn, um den automatischen Abruf von Banktransaktionen fortzusetzen.",
The server has errored. Please retry in some time.,Der Server hat einen Fehler verursacht. Bitte versuchen Sie es später erneut.,
To Allocate,Offener Betrag,
To Date,Bis Datum,
to import bank transactions for {0}.,um Banktransaktionen für {0} zu importieren.,
To Reference Date,Bis Referenzdatum,
Transaction,Transaktion,
Transactions,Transaktionen,
Transmission Datetime,Übertragungszeitpunkt,
Transmission Type,Übertragungstyp,
Unallocated Amount,Nicht zugewiesener Betrag,
Unpaid Vouchers,Unbezahlte Belege,
Update,Aktualisieren,
Updating ...,Aktualisieren ...,
Upload a Bank Statement,Kontoauszug hochladen,
Upload CAMT file,CAMT-Datei hochladen,
Upload CAMT File,CAMT-Datei hochladen,
Upload CSV / Excel file,CSV / Excel-Datei hochladen,
Upload MT940 file,MT940-Datei hochladen,
Upload XML (CAMT.053) file,XML (CAMT.053) Datei hochladen,
Usage,Nutzung,
User ID not available.,Benutzer-ID nicht verfügbar.,
User ID,Benutzer-ID,
Valid Till,Gültig bis,
Verify Bank Keys,Bankenschlüssel überprüfen,
View EBICS Users,EBICS-Benutzer anzeigen,
Voucher,Beleg,
Withdrawal,Auszahlung,
