"<span class=""h4"">Banking</span>","<span class=""h4"">Bancario</span>",
"Due to Period Closing, you cannot reconcile unpaid vouchers with a Bank Transaction before {0}","Debido al cierre del período, no puede conciliar comprobantes sin pagar con una transacción bancaria antes de {0}",
"Enter your password to enable automated, regular syncing. Leave blank if you prefer to sync manually.","Ingrese su contraseña para habilitar la sincronización automática, regular, o deje en blanco si prefiere sincronizar manualmente.",
"For non-German IBANs, a Bank must be provided.","Para IBANs no alemanes, se debe proporcionar un banco.",
"If enabled, <code>camt.052</code> transactions are downloaded four times a day. Otherwise <code>camt.053</code> transactions are downloaded once a day.","Si está habilitado, las transacciones <code>camt.052</code> se descargan cuatro veces al día. De lo contrario, las transacciones <code>camt.053</code> se descargan una vez al día.",
"If enabled, <code>camt.054</code> files are downloaded and merged with <code>camt.052</code> or <code>camt.053</code> files.","Si está habilitado, los archivos <code>camt.054</code> se descargan y se fusionan con los archivos <code>camt.052</code> o <code>camt.053</code>.",
"If enabled, a separate <b>Bank Transaction</b> will be created for each sub-transaction in a batch.","Si está habilitado, se creará una transacción bancaria separada para cada subtransacción en un lote.",
"If no <a href='/app/bank-transaction' target='_blank'>Bank Transactions</a> are created, please check the <a href='/app/error-log' target='_blank'>Error Logs</a>. If there are no errors, the bank likely did not provide any (new) bank statements for this period.","Si no se crean transacciones bancarias, por favor compruebe los <a href='/app/error-log' target='_blank'>Registros de errores</a>. Si no hay errores, el banco probablemente no haya proporcionado ningún extracto bancario (nuevo) para este período.",
"Note: When you lose these passwords, you will have to go through the initialization process with your bank again.","Nota: Cuando pierda estas contraseñas, tendrá que pasar por el proceso de inicialización con su banco de nuevo.",
"Please print the attached INI letter, send it to your bank and wait for confirmation. Then verify the bank keys.","Por favor, imprima la carta adjunta INI, envíela a su banco y espere la confirmación. Luego verifique las claves del banco.",
"Store the passphrase in the ERPNext database to enable automated, regular download of bank statements.",Almacene la contraseña en la base de datos de ERPNext para habilitar la descarga automática y regular de extractos bancarios.,
"To use protocol version H005, please activate the checkbox 'Needs Certificates'.","Para usar la versión del protocolo H005, por favor active la casilla 'Necesita certificados'.",
"We'll try to download all transactions of completed days in the selected period, using <code>camt.053</code>.","Intentaremos descargar todas las transacciones de días completados en el período seleccionado, utilizando <code>camt.053</code>.",
"We'll try to download new transactions from today, using <code>camt.052</code>.","Intentaremos descargar las nuevas transacciones desde hoy, utilizando <code>camt.052</code>.",
"You selected protocol version {0}, but the bank {1} only supports {2}.","Seleccionó la versión del protocolo {0}, pero el banco {1} solo admite {2}.",
{} Unreconciled,{} No conciliado,
<ul><li>It stores DocType-wise mapping of fields that should be considered as 'reference number' fields in Bank Reconciliation Tool Beta</li><li>Link and Data fields are supported</li><li>The field must have a singular reference number for matching with Bank Transactions</li></ul>,<ul><li>Almacena el mapeo por DocType de campos que deben considerarse como campos de 'número de referencia' en la Herramienta de Conciliación Bancaria Beta</li><li>Se admiten campos de enlace y datos</li><li>El campo debe tener un número de referencia singular para coincidir con las transacciones bancarias</li></ul>,
A new version of the Banking app is available ({0}). Please update your instance.,"Es está disponible una nueva versión de la aplicación Banking ({0}). Por favor, actualice su instancia.",
Access and Sync bank records from this date.,Acceder y sincronizar registros bancarios desde esta fecha.,
Account Holder,Titular de la cuenta,
Account Opening Balance,Saldo de apertura de la cuenta,
Actions,Acciones,
Adding bank accounts ...,Agregando cuentas bancarias ...,
Admin URL,URL de administración,
Advanced,Avanzado,
Allocated Amount,Cantidad asignada,
An error occurred,Ocurrió un error,
Are you trying to reconcile vouchers of different parties? This action will reconcile vouchers using a Journal Entry.,¿Está intentando conciliar comprobantes de diferentes partes? Esta acción conciliará comprobantes utilizando un asiento contable.,
Authentication error due to invalid credentials.,Error de autenticación debido a credenciales inválidas.,
Auto reconcile bank transactions based on matching reference numbers?,¿Desea conciliar automáticamente las transacciones bancarias basándose en los números de referencia coincidentes?,
Auto Reconcile,Conciliación automática,
Auto Reconciliation Complete,Conciliación automática completada,
Auto Reconciling ...,Conciliando automáticamente...,
Bank {0} does not have EBICS Host ID or URL set,El banco {0} no tiene establecido el ID de host o la URL de EBICS,
Bank Account not found for IBAN {0},No se encontró la cuenta bancaria para el IBAN {0},
Bank accounts added,Cuentas bancarias agregadas,
Bank Closing Balance,Saldo de cierre bancario,
Bank Keys Activated,Claves bancarias activadas,
Bank keys confirmed,Claves bancarias confirmadas,
Bank Reconciliation Tool Beta,Herramienta de conciliación bancaria beta,
Bank Reconciliation,Conciliación bancaria,
Bank statements are being downloaded in the background.,Los extractos bancarios se están descargando en segundo plano.,
Bank Transaction {0} is already fully reconciled,La transacción bancaria {0} ya está completamente conciliada,
Bank Transaction {0} Matched,Transacción bancaria {0} coincidente,
Bank Transaction {0} partially matched.,Transacción bancaria {0} parcialmente coincidente.,
Bank Transaction {0} partially reconciled.,Transacción bancaria {0} parcialmente conciliada.,
Bank Transaction {0} reconciled with a new {1},Transacción bancaria {0} conciliada con una nueva {1},
Bank Transaction {0} updated,Transacción bancaria {0} actualizada,
Bank transactions that happened before this date must not be imported.,Las transacciones bancarias que se produjeron antes de esta fecha no deben importarse.,
Bank Transactions,Transacciones bancarias,
Banking Action has failed due to the following error(s):,La acción de Banking ha fallado debido a los siguientes errores:,
Banking Error,Error de Banking,
Banking Reference Mapping,Asignación de referencia de Banking,
Banking Session Ended,Finalizó la sesión bancaria,
Banking Settings,Configuración de Banking,
Banking Warning,Advertencia de Banking,
Banking,Bancario,
Batch Booking,Reserva por lotes,
Cannot create Journal Entry for a Bank Transaction with both Deposit and Withdrawal,No se puede crear un asiento contable para una transacción bancaria con depósito y retiro,
Cannot make Reconciliation Payment Entry against multiple doctypes,No se puede hacer un pago de conciliación contra múltiples doctypes,
Cannot make Reconciliation Payment Entry against multiple parties,No se puede hacer un pago de conciliación contra múltiples partes,
Change Protocol Version,Cambiar versión del protocolo,
Change,Cambiar,
Charges,Cargos,
Cheque/Reference Date,Cheque/Fecha de referencia,
Continue,Continuar,
Create Supplier Bank Account,Crear cuenta bancaria del proveedor,
Create Voucher,Crear comprobante,
Creating SEPA Payment Order ...,Creando orden de pago SEPA...,
Credentials,Credenciales,
Customer ID,ID de cliente,
Deposit,Depósito,
Developer mode is enabled. Please disable it to continue auto-syncing bank transactions.,"El modo desarrollador está activado. Por favor, desactívelo para continuar sincronizando transacciones bancarias automáticamente.",
Did you mean {0}?,¿Me refieres a {0}?,
Download as XML,Descargar como XML,
Download Bank Statements,Descargar extractos bancarios,
Download Batch Transactions,Descargar transacciones por lotes,
Downloaded,Descargado,
DOWNLOADED,DESCARGADO,
EBICS Configuration Missing,Faltan configuraciones de EBICS,
EBICS Host ID,ID de host EBICS,
EBICS Order ID,ID de orden EBICS,
EBICS Protocol Versions,Versiones del protocolo EBICS,
EBICS Request,Solicitud de EBICS,
EBICS URL,URL EBICS,
EBICS User limit exceeded.,Se ha excedido el límite de usuarios de EBICS,
EBICS User,Usuario de EBICS,
Ebics Users,Usuarios de EBICS,
EBICS Users,Usuarios de EBICS,
Edit in Full Page,Editar en la página completa,
Eg: https://banking.alyf.de,Ej: https://banking.alyf.de,
Employee Bank Account was created.,Se creó la cuenta bancaria del empleado.,
Employee Bank Account was not created.,No se pudo crear la cuenta bancaria del empleado.,
Enable EBICS (New),Habilitar EBICS (Nuevo),
Enable this for EBICS accounts whose key management is based on certificates.,Habilite esto para cuentas EBICS cuya gestión de claves se basa en certificados.,
Enabled,Habilitado,
End Session,Sitzung beenden,
Ending Session ...,Finalizando sesión ...,
Enter only if scheduled execution at the bank is desired.,Ingrese solo si se desea ejecución programada en el banco.,
Enter Passphrase,Ingrese la frase de contraseña,
Enter your passphrase,Ingrese su frase de contraseña,
Enter your signature passphrase,Ingrese su frase de contraseña de firma,
ERP Closing Balance,Saldo de cierre de ERP,
Error while fetching releases,Error al obtener las versiones,
Execution Date,Fecha de ejecución,
Failed to create {0} against {1},No se pudo crear {0} contra {1},
Failed to fetch Bank Accounts.,No se pudieron obtener las cuentas bancarias.,
Failed to reconcile {0},No se pudo conciliar {0},
Failed to reconcile new {0} against {1},No se pudo conciliar el nuevo {0} contra {1},
Failed to remove EBICS user registration.,No se pudo eliminar el registro de usuario de EBICS.,
Failed to update {0},No se pudo actualizar {0},
Failed,Fallido,
Fetching Bank Transactions,Descargando transacciones bancarias,
Fetching older transactions will count against your limit in the current billing period.,Las transacciones más antiguas se descontarán de su límite en el periodo de facturación actual.,
Field {} does not exist in {}. Please check the configuration in Banking Settings.,"El campo {0} no existe en {1}. Por favor, compruebe la configuración en Configuración de Banking.",
Filter by Reference Date,Filtrar por fecha de referencia,
Filter Required,Filtro requerido,
Fintech License Key,Clave de licencia de Fintech,
Fintech Licensee Name,Nombre de la licenciataria de Fintech,
Get Bank Transactions,Obtener transacciones bancarias,
IBAN {0} is invalid.,El IBAN {0} es inválido.,
Initialize EBICS User,Inicializar usuario de EBICS,
Initialize,Inicializar,
Initialized,Inicializado,
Initializing...,Inicializando...,
Intraday Sync,Sincronización intradía,
Invalid Field,Campo inválido,
It seems like the EBICS User lacks permissions for order type '{0}'. The permitted types are: {1}.,Parece que el usuario de EBICS no tiene permisos para el tipo de pedido '{0}'. Los tipos permitidos son: {1}.,
Journal Entry Type,Tipo de asiento contable,
Keyring,Cajón de llaves,
Klarna Kosma Integration,Integración de Klarna Kosma,
Last Renewed On,Última renovación en,
License key not found. Please activate the checkbox 'Enable EBICS' in the {0} and ensure that your subscription is active.,"No se encontró la clave de licencia. Por favor, active el campo 'Habilitar EBICS' en {0} y asegúrese de que su suscripción esté activa.",
Limit,Límite,
Link Bank and Accounts,Vincular cuentas bancarias,
Loading...,Cargando...,
Match Reasons,Razones de asociación,
Match Voucher,Asociar comprobante,
Multiple Party Reconciliation, Conciliación de múltiples partes,
Needs Certificate,Necesita certificado,
No changes to update,No hay cambios para actualizar,
No Data Available,No hay datos disponibles,
No matches occurred via Auto Reconciliation,No se encontraron coincidencias mediante conciliación automática,
No Specific Match Reasons,Sin razones de asociación específicas,
No Transactions found for the current filters.,No se encontraron transacciones para los filtros actuales.,
Older Transactions,Transacciones antiguas,
Open Billing Portal,Abrir portal de facturación,
Order Type,Tipo de pedido,
Over Allocation,Sobreasignación,
Overallocated Returns,Devoluciones sobreasignadas,
Parameters,Parámetros,
Partially Reconciled,Parcialmente conciliado,
Partner ID,ID del socio,
Party Account Number,Número de cuenta de la parte,
Party IBAN,IBAN de la parte,
Party Type and Party is required for Receivable / Payable account {0},Se requiere tipo de parte y parte para la cuenta por cobrar/pagar {0},
Passphrase,Frase de contraseña,
Payment Order has been sent to bank.,La orden de pago ha sido enviada al banco.,
Payment Order has not been sent to bank.,La orden de pago no ha sido enviada al banco.,
Payments,Pagos,
Please activate the checkbox 'Enable EBICS' in the {0}.,"Por favor, active el campo 'Habilitar EBICS' en {0}.",
Please activate the checkbox 'Enabled' in the {0}.,"Por favor, active el campo 'Habilitado' en {0}.",
Please add a two-letter country code to country {0},"Por favor, agregue un código de país de dos letras al país {0}",
Please add EBICS Host ID and URL to bank {0},"Por favor, agregue el ID de host de EBICS y la URL del banco {0}",
Please confirm that the following keys are identical to the ones mentioned on your bank's letter:,"Por favor, confirme que las siguientes claves son idénticas a las mencionadas en su carta del banco:",
Please enter the values provided by your bank.,"Por favor, ingrese los valores proporcionados por su banco.",
Please select a Bank Account to start reconciling.,Por favor seleccione una cuenta bancaria para comenzar a conciliar.,
Please select at least one voucher to reconcile,"Por favor, seleccione al menos un comprobante para conciliar",
Please select vouchers of the same type to reconcile,"Por favor, seleccione comprobantes del mismo tipo para conciliar",
Please set the 'Bank Account' filter,"Por favor, establezca el filtro 'Cuenta bancaria'",
Please wait. Fetching Bank Acounts ...,Por favor espera. Obteniendo cuentas bancarias ...,
Please wait. Syncing Bank Transactions ...,Por favor espera. Sincronizando transacciones bancarias ...,
Portal API Token,Token de API del portal,
Process as batch,Procesar como lote,
Process individually,Procesar individualmente,
Protocol Version,Versión del protocolo,
Purpose,Propósito,
Recipient,Destinatario,
Reconcile,Conciliar,
Reconciled,Conciliado,
Reconciling ...,Conciliando...,
Redirecting to Customer Portal ...,Redirigiendo al portal del cliente ...,
Reference DocType,DocType de referencia,
Reference Fields,Campos de referencia,
Reference Name,Nombre de referencia,
Reference Row Name,Nombre de fila de referencia,
Reference,Referencia,
Requested By,Solicitado por,
Requires Bank Authentication.,Requiere autenticación bancaria.,
Response,Respuesta,
Row {0}: Currency {1} does not match bank account currency {2}.,Fila {0}: La moneda {1} no coincide con la moneda de la cuenta bancaria {2}.,
Row {0}: IBAN {1} is invalid.,Fila {0}: El IBAN {1} es inválido.,
Sender,Remitente,
Sent via EBICS,Enviado vía EBICS,
SENT_VIA_EBICS,ENVIADO_VIA_EBICS,
SEPA Payment Order Status,Estado de orden de pago SEPA,
SEPA Payment Order,Orden de pago SEPA,
SEPA Payment Orders,Ordenes de pago SEPA,
SEPA Payment,Pago SEPA,
Set a new password for downloading bank statements from your bank.,Establezca una nueva contraseña para descargar extractos bancarios de su banco.,
Set a new password for uploading transactions to your bank.,Establezca una nueva contraseña para cargar transacciones a su banco.,
Setup Bank & Accounts Sync,Configurar sincronización de cuentas bancarias,
Setup,Configuración,
Show Exact Amount,Mostrar cantidad exacta,
Show Exact Party,Mostrar parte exacta,
Show Protocol Versions,Mostrar versiones de protocolo,
Signature Passphrase,Contraseña de firma,
Signup for Banking,Registro para Banking,
Something went wrong. Please retry in a while.,"Algo salió mal. Por favor, inténtelo de nuevo en un momento.",
Sort By,Ordenar por,
Split Batch Transactions,Dividir transacciones de lotes,
Start Date (Optional),Fecha de inicio (opcional),
Status,Estado,
Store Passphrase,Almacenar contraseña,
Submit,Enviar,
Subscriber,Suscriptor,
Subscription Details,Detalles de suscripción,
Subscription,Suscripción,
Successful,Exitoso,
Supplier Bank Account was created.,Se creó la cuenta bancaria del proveedor.,
Supplier Bank Account was not created.,No se pudo crear la cuenta bancaria del proveedor.,
Supplier Bank Account,Cuenta bancaria del proveedor,
SWIFT Number,Número SWIFT,
System,Sistema,
The allocated amount cannot be negative. Please adjust the selected return vouchers.,"La cantidad asignada no puede ser negativa. Por favor, ajuste los comprobantes de devolución seleccionados.",
The Bank Transaction is over-allocated by {0} at row {1}.,La transacción bancaria está sobreasignada en {0} en la fila {1}.,
The currency of the second account ({0} : {1}) must be the same as of the bank account ({2} : {3}),El tipo de cambio de la cuenta bancaria ({0} : {1}) debe ser el mismo que el de la cuenta bancaria ({2} : {3}),
The currency of the second account ({0}) must be the same as of the bank account ({1}),El tipo de cambio de la cuenta bancaria ({0}) debe ser el mismo que el de la cuenta bancaria ({1}),
The scheduler is inactive. Please activate it to continue auto-syncing bank transactions.,"El programador está inactivo. Por favor, actívelo para continuar sincronizando transacciones bancarias automáticamente.",
The server has errored. Please retry in some time.,"El servidor ha generado un error. Por favor, inténtelo de nuevo en un momento.",
To Allocate,Para asignar,
to import bank transactions for {0}.,para importar transacciones bancarias para {0}.,
Transaction Limit,Límite de transacción,
Transmission Datetime,Fecha y hora de transmisión,
Transmission Type,Tipo de transmisión,
Unallocated Amount,Cantidad no asignada,
Unpaid Invoices,Facturas impagas,
Unpaid Vouchers,Comprobantes sin pagar,
Update,Actualizar,
Updating ...,Actualizando...,
Upload a Bank Statement,Subir un extracto bancario,
Upload CAMT file,Cargar archivo CAMT,
Upload CSV / Excel file,Cargar archivo CSV / Excel,
Upload MT940 file,Cargar archivo MT940,
Upload XML (CAMT.053) file,Cargar archivo XML (CAMT.053),
Usage,Uso,
User ID not available.,No se encontró el ID de usuario.,
User ID,ID de usuario,
Valid Till,Válido hasta,
Verify Bank Keys,Verificar claves del banco,
View EBICS Users,Ver usuarios de EBICS,
View Subscription,Ver suscripción,
Voucher,Comprobante,
Withdrawal,Retiro,
